ironsmile/nedomi;01acf83d0d615b4f8726e94edf4470985ee176de;/home/mikael/Desktop/BenchmarkProjects/ironsmile/nedomi/src/github.com/ironsmile/nedomi
tidwall/buntdb;83418750ee775aa24194606fffe7fec391975a65;/home/mikael/Desktop/BenchmarkProjects/tidwall/buntdb/src/github.com/tidwall/buntdb
robertkrimen/otto;49fee9c1c0db1c366003ede4cc665f9924a97521;/home/mikael/Desktop/BenchmarkProjects/robertkrimen/otto/src/github.com/robertkrimen/otto
pilosa/pilosa;3e349594b18615fd3052c0711207ec28ffcdcecd;/home/mikael/Desktop/BenchmarkProjects/pilosa/pilosa/src/github.com/pilosa/pilosa
mdlayher/waveform;6b28917edfbacd50bff4d58f951cf80499c952c4;/home/mikael/Desktop/BenchmarkProjects/mdlayher/waveform/src/github.com/mdlayher/waveform
ryszard/goskiplist;2dfbae5fcf46374f166f8969cb07e167f1be6273;/home/mikael/Desktop/BenchmarkProjects/ryszard/goskiplist/src/github.com/ryszard/goskiplist
mitchellh/mapstructure;d0303fe809921458f417bcf828397a65db30a7e4;/home/mikael/Desktop/BenchmarkProjects/mitchellh/mapstructure/src/github.com/mitchellh/mapstructure
syndtr/goleveldb;8c81ea47d4c41a385645e133e15510fc6a2a74b4;/home/mikael/Desktop/BenchmarkProjects/syndtr/goleveldb/src/github.com/syndtr/goleveldb
valyala/gorpc;908281bef77441f2d0ec1792189b4032a1dace0c;/home/mikael/Desktop/BenchmarkProjects/valyala/gorpc/src/github.com/valyala/gorpc
agnivade/funnel;6f85e810e2b9f5a34256f427579527699efcc7be;/home/mikael/Desktop/BenchmarkProjects/agnivade/funnel/src/github.com/agnivade/funnel
sorcix/irc;8becc86e7db2305c7398053e939d50e804a4df72;/home/mikael/Desktop/BenchmarkProjects/sorcix/irc/src/github.com/sorcix/irc
optiopay/kafka;7b7b6a0d49740e36cd39226913b38cecf9ef76cb;/home/mikael/Desktop/BenchmarkProjects/optiopay/kafka/src/github.com/optiopay/kafka
coreos/torus;b53b701fc3af89fdf5f2999ebbc3b778e8c18ccc;/home/mikael/Desktop/BenchmarkProjects/coreos/torus/src/github.com/coreos/torus
tjim/smpcc;afad843cf1d20085a2b1da225b4a5e777c958058;/home/mikael/Desktop/BenchmarkProjects/tjim/smpcc/src/github.com/tjim/smpcc
prataprc/monster;0d3ff14e39c9f3dc59b579648b9a18b893d149c6;/home/mikael/Desktop/BenchmarkProjects/prataprc/monster/src/github.com/prataprc/monster
gobwas/glob;51eb1ee00b6d931c66d229ceeb7c31b985563420;/home/mikael/Desktop/BenchmarkProjects/gobwas/glob/src/github.com/gobwas/glob
Masterminds/semver;abff1900528dbdaf6f3f5aa92c398be1eaf2a9f7;/home/mikael/Desktop/BenchmarkProjects/Masterminds/semver/src/github.com/Masterminds/semver
deckarep/golang-set;3a36ffa8b5bf7cd329c8834c6b743d6930dad12f;/home/mikael/Desktop/BenchmarkProjects/deckarep/golang-set/src/github.com/deckarep/golang-set
cayleygraph/cayley;05f225d85d87eb636844ec89b21f0c406c6f6000;/home/mikael/Desktop/BenchmarkProjects/cayleygraph/cayley/src/github.com/cayleygraph/cayley
azoner/gox12;c403abf24e897e06d1beb5252c4efa3654ca4626;/home/mikael/Desktop/BenchmarkProjects/azoner/gox12/src/github.com/azoner/gox12
enceve/crypto;34d48bb938155e3b408f014835ee1f6e3b4c2672;/home/mikael/Desktop/BenchmarkProjects/enceve/crypto/src/github.com/enceve/crypto
restic/chunker;1542d55ca53d2d8d7b38e890f7a4be90014356af;/home/mikael/Desktop/BenchmarkProjects/restic/chunker/src/github.com/restic/chunker
prometheus/common;0866df4b85a18d652b6965be022d007cdf076822;/home/mikael/Desktop/BenchmarkProjects/prometheus/common/src/github.com/prometheus/common
dustin/go-humanize;259d2a102b871d17f30e3cd9881a642961a1e486;/home/mikael/Desktop/BenchmarkProjects/dustin/go-humanize/src/github.com/dustin/go-humanize
nelhage/taktician;71d90a747d46230c243161bd6ed325617007d452;/home/mikael/Desktop/BenchmarkProjects/nelhage/taktician/src/github.com/nelhage/taktician
tendermint/merkleeyes;102aaf5a8ffda1846413fb22805a94def2045b9f;/home/mikael/Desktop/BenchmarkProjects/tendermint/merkleeyes/src/github.com/tendermint/merkleeyes
NullHypothesis/zoossh;4373553837df2965019076e4116cbbfe2614150c;/home/mikael/Desktop/BenchmarkProjects/NullHypothesis/zoossh/src/github.com/NullHypothesis/zoossh
qntfy/kazaam;a468ff9747a9005bd421e89d9c2977d7d196c914;/home/mikael/Desktop/BenchmarkProjects/qntfy/kazaam/src/github.com/qntfy/kazaam
boltdb/bolt;e9cf4fae01b5a8ff89d0ec6b32f0d9c9f79aefdd;/home/mikael/Desktop/BenchmarkProjects/boltdb/bolt/src/github.com/boltdb/bolt
siddontang/go;cb568a3e5cc06256f91a2da5a87455f717eb33f4;/home/mikael/Desktop/BenchmarkProjects/siddontang/go/src/github.com/siddontang/go
g-hyoga/kyuko;14ec02216b72697239343f696f6e86a8c84cd54f;/home/mikael/Desktop/BenchmarkProjects/g-hyoga/kyuko/src/github.com/g-hyoga/kyuko
nimajalali/go-force;0244aa9b56bd8392da9dd02dc810c56a5ba9a4d5;/home/mikael/Desktop/BenchmarkProjects/nimajalali/go-force/src/github.com/nimajalali/go-force
Shopify/toxiproxy;a5f75b4ec210a10c0b4e3ceae7cf6dc16fb35043;/home/mikael/Desktop/BenchmarkProjects/Shopify/toxiproxy/src/github.com/Shopify/toxiproxy
mna/pigeon;3ad7b4379454d41dc287081d455492b3b00b81df;/home/mikael/Desktop/BenchmarkProjects/mna/pigeon/src/github.com/mna/pigeon
toomore/gogrs;6ed8f70898cf9ae624f665d4ad1fa86f872712bf;/home/mikael/Desktop/BenchmarkProjects/toomore/gogrs/src/github.com/toomore/gogrs
btcsuite/btcd;948d80b1988264b0fb6ef009b1a989511f08227e;/home/mikael/Desktop/BenchmarkProjects/btcsuite/btcd/src/github.com/btcsuite/btcd
ernado/stun;40f6a2ed4e5b89731ce4f50558f49540ac43237b;/home/mikael/Desktop/BenchmarkProjects/ernado/stun/src/github.com/ernado/stun
nsqio/nsq;6c64ce0d958a844106715cfaf52d7bd8ceef4af6;/home/mikael/Desktop/BenchmarkProjects/nsqio/nsq/src/github.com/nsqio/nsq
nelhage/gojit;4098a5faeff15130723df4c809d39c4d5faac3e4;/home/mikael/Desktop/BenchmarkProjects/nelhage/gojit/src/github.com/nelhage/gojit
jaredfolkins/badactor;5fdf0ec469b68d844cbe36ace8101ead16359f1d;/home/mikael/Desktop/BenchmarkProjects/jaredfolkins/badactor/src/github.com/jaredfolkins/badactor
prataprc/goparsec;a8fd883642f438ba06bd46c793dc8562b2eb7749;/home/mikael/Desktop/BenchmarkProjects/prataprc/goparsec/src/github.com/prataprc/goparsec
tianon/debian-golang-dbus;001601eca21b31894f024751a8645875422d9914;/home/mikael/Desktop/BenchmarkProjects/tianon/debian-golang-dbus/src/github.com/tianon/debian-golang-dbus
codegangsta/martini-contrib;8ce6181c2609699e4c7cd30994b76a850a9cdadc;/home/mikael/Desktop/BenchmarkProjects/codegangsta/martini-contrib/src/github.com/codegangsta/martini-contrib
atlassian/gostatsd;3db44335a0752c671ce44d2ca3ffa2b9990c1173;/home/mikael/Desktop/BenchmarkProjects/atlassian/gostatsd/src/github.com/atlassian/gostatsd
disintegration/imaging;ac27d1805a555e1754fa177216ee07f4e63c30b5;/home/mikael/Desktop/BenchmarkProjects/disintegration/imaging/src/github.com/disintegration/imaging
robfig/soy;9d92c1999f49cbdcf4239b5e5f6845b7d391f175;/home/mikael/Desktop/BenchmarkProjects/robfig/soy/src/github.com/robfig/soy
pgpst/pgpst;7438d6acf5626e9b9356ab385f56646a13e606ae;/home/mikael/Desktop/BenchmarkProjects/pgpst/pgpst/src/github.com/pgpst/pgpst
valyala/ybc;7f424c60224c4b1ff1715308818a005ceb8ae29f;/home/mikael/Desktop/BenchmarkProjects/valyala/ybc/src/github.com/valyala/ybc
ardanlabs/kit;bbeae29fdd2bcb360124d717a6420bd55ef8f511;/home/mikael/Desktop/BenchmarkProjects/ardanlabs/kit/src/github.com/ardanlabs/kit
CodisLabs/codis;088c26abd2beeef150a2600c8f9fff7616561ad7;/home/mikael/Desktop/BenchmarkProjects/CodisLabs/codis/src/github.com/CodisLabs/codis
xtaci/kcp-go;ecbba09f83427b7fefe2e9f9c394f6d92827e1a6;/home/mikael/Desktop/BenchmarkProjects/xtaci/kcp-go/src/github.com/xtaci/kcp-go
nats-io/go-nats;0f25ebdb0f66fac3de939396a6eeb64d3cee23cd;/home/mikael/Desktop/BenchmarkProjects/nats-io/go-nats/src/github.com/nats-io/go-nats
tinylib/synapse;6ebcb988982967981b36671b347a10a783eaa47f;/home/mikael/Desktop/BenchmarkProjects/tinylib/synapse/src/github.com/tinylib/synapse
tideland/golib;f77a47258e001a0bd32a25d85b54bac1c3347ef3;/home/mikael/Desktop/BenchmarkProjects/tideland/golib/src/github.com/tideland/golib
PuerkitoBio/purell;b938d81255b5473c57635324295cb0fe398c7a58;/home/mikael/Desktop/BenchmarkProjects/PuerkitoBio/purell/src/github.com/PuerkitoBio/purell
miekg/dns;e46719b2fef404d2e531c0dd9055b1c95ff01e2e;/home/mikael/Desktop/BenchmarkProjects/miekg/dns/src/github.com/miekg/dns
m4rw3r/uuid;00c72d48d5aaaf3058e26d9641164c43ba239f33;/home/mikael/Desktop/BenchmarkProjects/m4rw3r/uuid/src/github.com/m4rw3r/uuid
Comcast/rulio;747f51edf866a77ee45c0a366d6ed268223c1a73;/home/mikael/Desktop/BenchmarkProjects/Comcast/rulio/src/github.com/Comcast/rulio
wgliang/goreporter;16fac57fb59a2a0874d6c7b5d2dff934848f8747;/home/mikael/Desktop/BenchmarkProjects/wgliang/goreporter/src/github.com/wgliang/goreporter
nfnt/resize;891127d8d1b52734debe1b3c3d7e747502b6c366;/home/mikael/Desktop/BenchmarkProjects/nfnt/resize/src/github.com/nfnt/resize
piotrkowalczuk/pqt;251e7f0fa7d4b29ae53f11bfbc901442371bcfde;/home/mikael/Desktop/BenchmarkProjects/piotrkowalczuk/pqt/src/github.com/piotrkowalczuk/pqt
go-pg/pg;8f850f666a28216bd3676e386d868343e2ab116c;/home/mikael/Desktop/BenchmarkProjects/go-pg/pg/src/github.com/go-pg/pg
bogem/id3v2;2831979ac77ee756fa448d4a9f2e6c2219c8382c;/home/mikael/Desktop/BenchmarkProjects/bogem/id3v2/src/github.com/bogem/id3v2
mewkiz/flac;b49238df8538b0cbdc903f7efec8c5dbff1fed2f;/home/mikael/Desktop/BenchmarkProjects/mewkiz/flac/src/github.com/mewkiz/flac
mailru/easyjson;2f5df55504ebc322e4d52d34df6a1f5b503bf26d;/home/mikael/Desktop/BenchmarkProjects/mailru/easyjson/src/github.com/mailru/easyjson
dustin/go-jsonpointer;ba0abeacc3dcca5b9b20f31509c46794edbc9965;/home/mikael/Desktop/BenchmarkProjects/dustin/go-jsonpointer/src/github.com/dustin/go-jsonpointer
StabbyCutyou/moldova;8cae5764dd5d63d033d9c9bb276598094ee34cc7;/home/mikael/Desktop/BenchmarkProjects/StabbyCutyou/moldova/src/github.com/StabbyCutyou/moldova
json-iterator/go;87006441968485a9dc330018b02bd7a015f5a12b;/home/mikael/Desktop/BenchmarkProjects/json-iterator/go/src/github.com/json-iterator/go
guregu/dynamo;f6629bc6b1a0d7b52e1e025bfc8f6eaf75e7bd2a;/home/mikael/Desktop/BenchmarkProjects/guregu/dynamo/src/github.com/guregu/dynamo
cosmos72/gomacro;bda2cfbebf53a9bb579207fefd1edd126894241b;/home/mikael/Desktop/BenchmarkProjects/cosmos72/gomacro/src/github.com/cosmos72/gomacro
CloudyKit/jet;a1c4500d4bee4ecb9a38d6cded7c13e86f2b1e28;/home/mikael/Desktop/BenchmarkProjects/CloudyKit/jet/src/github.com/CloudyKit/jet
godbus/dbus;37252881b3a87eaa2eb04b0ff2211f54f45199ab;/home/mikael/Desktop/BenchmarkProjects/godbus/dbus/src/github.com/godbus/dbus
japm/goScript;caab90145b05376536bbab332312f4812123e197;/home/mikael/Desktop/BenchmarkProjects/japm/goScript/src/github.com/japm/goScript
dustin/seriesly;e5ee8fc0b249a7be14ff52a98688120dbf7ff06a;/home/mikael/Desktop/BenchmarkProjects/dustin/seriesly/src/github.com/dustin/seriesly
jmoiron/sqlx;d9bd385d68c068f1fabb5057e3dedcbcbb039d0f;/home/mikael/Desktop/BenchmarkProjects/jmoiron/sqlx/src/github.com/jmoiron/sqlx
DataDog/datadog-go;65671c440e8fa4ccbbc5a5c6c499a3c9a039f84f;/home/mikael/Desktop/BenchmarkProjects/DataDog/datadog-go/src/github.com/DataDog/datadog-go
samuel/go-thrift;e9042807f4f5bf47563df6992d3ea0857313e2be;/home/mikael/Desktop/BenchmarkProjects/samuel/go-thrift/src/github.com/samuel/go-thrift
blang/semver;4a1e882c79dcf4ec00d2e29fac74b9c8938d5052;/home/mikael/Desktop/BenchmarkProjects/blang/semver/src/github.com/blang/semver
klauspost/pgzip;0bf5dcad4ada2814c3c00f996a982270bb81a506;/home/mikael/Desktop/BenchmarkProjects/klauspost/pgzip/src/github.com/klauspost/pgzip
hprose/hprose-golang;b80c151b4f94db880307b473b049fc65d7fc5a2a;/home/mikael/Desktop/BenchmarkProjects/hprose/hprose-golang/src/github.com/hprose/hprose-golang
cactus/go-statsd-client;1139cdac1a56e404b5382e3a3503a2c587d2c0c3;/home/mikael/Desktop/BenchmarkProjects/cactus/go-statsd-client/src/github.com/cactus/go-statsd-client
rdwilliamson/aws;54608bb65939fc94439865d46598a57f7f15fb0e;/home/mikael/Desktop/BenchmarkProjects/rdwilliamson/aws/src/github.com/rdwilliamson/aws
Redundancy/go-sync;8931874cad5cacc627b94fcbcb182460e174aeef;/home/mikael/Desktop/BenchmarkProjects/Redundancy/go-sync/src/github.com/Redundancy/go-sync
go-openapi/runtime;40a2567d3dca09368d5f53045840490cfc9c62c3;/home/mikael/Desktop/BenchmarkProjects/go-openapi/runtime/src/github.com/go-openapi/runtime
zenazn/goji;4d7077956293261309684d3cf1af673f773c6819;/home/mikael/Desktop/BenchmarkProjects/zenazn/goji/src/github.com/zenazn/goji
tendermint/tendermint;7f3c697b6e4c624aa0f8d29ff97e9bfe20deb8f9;/home/mikael/Desktop/BenchmarkProjects/tendermint/tendermint/src/github.com/tendermint/tendermint
splace/signals;0ff28e741439d79d5896d57490a3da8d5e65fa17;/home/mikael/Desktop/BenchmarkProjects/splace/signals/src/github.com/splace/signals
vbatts/tar-split;b9127a139315e57ebc26030e7decf72d0a20acb4;/home/mikael/Desktop/BenchmarkProjects/vbatts/tar-split/src/github.com/vbatts/tar-split
valyala/quicktemplate;6abbd1b822699a4925c76df1740b266f17c2c9ae;/home/mikael/Desktop/BenchmarkProjects/valyala/quicktemplate/src/github.com/valyala/quicktemplate
ahmetb/go-linq;67424dce7b47e42b7f2373557878fd6e3f2d8c44;/home/mikael/Desktop/BenchmarkProjects/ahmetb/go-linq/src/github.com/ahmetb/go-linq
hashicorp/golang-lru;0a025b7e63adc15a622f29b0b2c4c3848243bbf6;/home/mikael/Desktop/BenchmarkProjects/hashicorp/golang-lru/src/github.com/hashicorp/golang-lru
digitalocean/captainslog;e1e53277000d9ba09da1c8e0d73119c38e6b052e;/home/mikael/Desktop/BenchmarkProjects/digitalocean/captainslog/src/github.com/digitalocean/captainslog
golang/proposal;d1c7836dd7a8bed502d4eda846d6fc88fcd48bbd;/home/mikael/Desktop/BenchmarkProjects/golang/proposal/src/github.com/golang/proposal
foursquare/quiver;aa90671e0757094e528bd817a0113a719062250c;/home/mikael/Desktop/BenchmarkProjects/foursquare/quiver/src/github.com/foursquare/quiver
chihaya/chihaya;13c71b4ee127a3be43cfe30fd4e52ca4a395bb6e;/home/mikael/Desktop/BenchmarkProjects/chihaya/chihaya/src/github.com/chihaya/chihaya
dgrijalva/jwt-go;a539ee1a749a2b895533f979515ac7e6e0f5b650;/home/mikael/Desktop/BenchmarkProjects/dgrijalva/jwt-go/src/github.com/dgrijalva/jwt-go
tormol/AIS;9601c9808f2de0d7afe894ae844af2e494b94bb7;/home/mikael/Desktop/BenchmarkProjects/tormol/AIS/src/github.com/tormol/AIS
powerman/rpc-codec;d10c0e9cfeac32cd94ee57c8eb8728abd6594618;/home/mikael/Desktop/BenchmarkProjects/powerman/rpc-codec/src/github.com/powerman/rpc-codec
google/uuid;6a5e28554805e78ea6141142aba763936c4761c0;/home/mikael/Desktop/BenchmarkProjects/google/uuid/src/github.com/google/uuid
dearplain/fast-shadowsocks;50e616f764d85b7fe4b48d4dcf3bb8ce9ab97366;/home/mikael/Desktop/BenchmarkProjects/dearplain/fast-shadowsocks/src/github.com/dearplain/fast-shadowsocks
golang/snappy;553a641470496b2327abcac10b36396bd98e45c9;/home/mikael/Desktop/BenchmarkProjects/golang/snappy/src/github.com/golang/snappy
cloudflare/dns;e20ffa3da443071c7b3d164dec5b1f80dfb2ecf3;/home/mikael/Desktop/BenchmarkProjects/cloudflare/dns/src/github.com/cloudflare/dns
semanticize/st;5fecf9ce9b60b15f9cf951571575c418fc4b1d3a;/home/mikael/Desktop/BenchmarkProjects/semanticize/st/src/github.com/semanticize/st
pborman/uuid;e790cca94e6cc75c7064b1332e63811d4aae1a53;/home/mikael/Desktop/BenchmarkProjects/pborman/uuid/src/github.com/pborman/uuid
yourheropaul/inj;9250637df1083710a57c981a0fd555511eebf99f;/home/mikael/Desktop/BenchmarkProjects/yourheropaul/inj/src/github.com/yourheropaul/inj
numbleroot/pluto;57257cd684ffd21d68ee5e8647717ef50f239646;/home/mikael/Desktop/BenchmarkProjects/numbleroot/pluto/src/github.com/numbleroot/pluto
open-policy-agent/opa;a204d799893d034d77a0887deb07655a7d793cb2;/home/mikael/Desktop/BenchmarkProjects/open-policy-agent/opa/src/github.com/open-policy-agent/opa
ld9999999999/pqpooling;960c4aa2da14eb1cd8722a97060af557943ee3ec;/home/mikael/Desktop/BenchmarkProjects/ld9999999999/pqpooling/src/github.com/ld9999999999/pqpooling
Everlag/poeitemstore;89d8475e78565b97e913296b18e69c0760f37131;/home/mikael/Desktop/BenchmarkProjects/Everlag/poeitemstore/src/github.com/Everlag/poeitemstore
pierrre/imageserver;a564164fd0d8af7275b3199f94731a62450e3193;/home/mikael/Desktop/BenchmarkProjects/pierrre/imageserver/src/github.com/pierrre/imageserver
tomnomnom/gron;c463f7ed034f0b387f6a50c6bfd44194c3ebaab3;/home/mikael/Desktop/BenchmarkProjects/tomnomnom/gron/src/github.com/tomnomnom/gron
uber/tchannel-go;0cebd4eaef5eb7430bdde80761471b05af366a8d;/home/mikael/Desktop/BenchmarkProjects/uber/tchannel-go/src/github.com/uber/tchannel-go
micro/go-micro;9438fae607eddba286723575340f45bc1831a4f1;/home/mikael/Desktop/BenchmarkProjects/micro/go-micro/src/github.com/micro/go-micro
smancke/guble;95aba8dadfa9fe369d48ae9227e342417bcec195;/home/mikael/Desktop/BenchmarkProjects/smancke/guble/src/github.com/smancke/guble
jayjanssen/myq-tools;89b14352547bfb1b93bc3447638076e321a8209a;/home/mikael/Desktop/BenchmarkProjects/jayjanssen/myq-tools/src/github.com/jayjanssen/myq-tools
beeker1121/goque;4044bc29b28064db4f08e947c4972d5ca3e0f3c8;/home/mikael/Desktop/BenchmarkProjects/beeker1121/goque/src/github.com/beeker1121/goque
timshannon/bolthold;a0cbe4026e4236b898f12031c312e39becd63ae6;/home/mikael/Desktop/BenchmarkProjects/timshannon/bolthold/src/github.com/timshannon/bolthold
dimfeld/httptreemux;55bdaa3f4bf4cf91acd94701fa2044fb487c455b;/home/mikael/Desktop/BenchmarkProjects/dimfeld/httptreemux/src/github.com/dimfeld/httptreemux
VoltDB/voltdb-client-go;7c323a5734063ddd22044039f010d34c8365d13d;/home/mikael/Desktop/BenchmarkProjects/VoltDB/voltdb-client-go/src/github.com/VoltDB/voltdb-client-go
klauspost/reedsolomon;18d548df635f0d2c5c0e6bfc500d425ba1859403;/home/mikael/Desktop/BenchmarkProjects/klauspost/reedsolomon/src/github.com/klauspost/reedsolomon
mesosphere/mesos-dns;9d21ea6de38bd371e34bde196ceaee94cdac8a2c;/home/mikael/Desktop/BenchmarkProjects/mesosphere/mesos-dns/src/github.com/mesosphere/mesos-dns
couchbase/moss;f71873811a1323b04a1e2fdd68b2a1c0ee7bee80;/home/mikael/Desktop/BenchmarkProjects/couchbase/moss/src/github.com/couchbase/moss
op/go-logging;970db520ece77730c7e4724c61121037378659d9;/home/mikael/Desktop/BenchmarkProjects/op/go-logging/src/github.com/op/go-logging
limetext/text;637728756caf5542b6be03251bbc28a17493b3f9;/home/mikael/Desktop/BenchmarkProjects/limetext/text/src/github.com/limetext/text
segmentio/objconv;dc5529a643e8c19714ceb7c159692db6866d5750;/home/mikael/Desktop/BenchmarkProjects/segmentio/objconv/src/github.com/segmentio/objconv
fiorix/go-diameter;8fc64b197ee2b9805a74fa837cf6d6d9ac26ed23;/home/mikael/Desktop/BenchmarkProjects/fiorix/go-diameter/src/github.com/fiorix/go-diameter
privacylab/talek;27ca5ecb5ef7d385a4fa246e1b0635e8488cc21f;/home/mikael/Desktop/BenchmarkProjects/privacylab/talek/src/github.com/privacylab/talek
DNAProject/DNA;d40845d5cef009faa678df19d1cb3bdcc5a1df03;/home/mikael/Desktop/BenchmarkProjects/DNAProject/DNA/src/github.com/DNAProject/DNA
TuftsBCB/io;22b94e9b23f9a03e2fc8987a5908ec14f290702b;/home/mikael/Desktop/BenchmarkProjects/TuftsBCB/io/src/github.com/TuftsBCB/io
golang/geo;c09b206546d1c7448bee892c56c21cc2bcd7e973;/home/mikael/Desktop/BenchmarkProjects/golang/geo/src/github.com/golang/geo
dustin/gomemcached;a2284a01c143e355985d192edf3b62a053747c70;/home/mikael/Desktop/BenchmarkProjects/dustin/gomemcached/src/github.com/dustin/gomemcached
devfeel/dotweb;9ed6c4f34618f7866406e03fc907e94cb0064b30;/home/mikael/Desktop/BenchmarkProjects/devfeel/dotweb/src/github.com/devfeel/dotweb
fatih/set;27c40922c40b43fe04554d8223a402af3ea333f3;/home/mikael/Desktop/BenchmarkProjects/fatih/set/src/github.com/fatih/set
google/netstack;a6dae5bc419c44ebba48550cce02b074792e9899;/home/mikael/Desktop/BenchmarkProjects/google/netstack/src/github.com/google/netstack
Nordstrom/choices;cc6e9248b70847455f4adc9495ae272db2b4820c;/home/mikael/Desktop/BenchmarkProjects/Nordstrom/choices/src/github.com/Nordstrom/choices
fabiolb/fabio;67eda269b2ad01adf61cfbb4e8179b28beb7cc0c;/home/mikael/Desktop/BenchmarkProjects/fabiolb/fabio/src/github.com/fabiolb/fabio
ernado/sdp;43b85ad77caf66f9a964128da8c6c22aee23c1bb;/home/mikael/Desktop/BenchmarkProjects/ernado/sdp/src/github.com/ernado/sdp
DataDog/datadog-trace-agent;73a584e7d57533503d8b0074bb151688b5c3dcfc;/home/mikael/Desktop/BenchmarkProjects/DataDog/datadog-trace-agent/src/github.com/DataDog/datadog-trace-agent
henrylee2cn/faygo;970526e60a75df7c6804b6bca4775d1efa856d6f;/home/mikael/Desktop/BenchmarkProjects/henrylee2cn/faygo/src/github.com/henrylee2cn/faygo
bemasher/rtlamr;5910c8f451f50f85f329aa7efa1eca0e8dc60f12;/home/mikael/Desktop/BenchmarkProjects/bemasher/rtlamr/src/github.com/bemasher/rtlamr
sni/lmd;a903e875425ca3652d578af4cfb9a2c38181d3db;/home/mikael/Desktop/BenchmarkProjects/sni/lmd/src/github.com/sni/lmd
mna/gred;cf07a88c0746e196780b10816ea4d7294434b4c1;/home/mikael/Desktop/BenchmarkProjects/mna/gred/src/github.com/mna/gred
ungerik/go3d;b765e791b61c6db0b9ff62072092d28395aeb106;/home/mikael/Desktop/BenchmarkProjects/ungerik/go3d/src/github.com/ungerik/go3d
bbiskup/edify;bdd701a3ca13e90e0ba2fd5642e4f54afbefc699;/home/mikael/Desktop/BenchmarkProjects/bbiskup/edify/src/github.com/bbiskup/edify
Liru/tumblr-downloader;6a5a97332ef75427e1e3d684626da9c2ccc88c02;/home/mikael/Desktop/BenchmarkProjects/Liru/tumblr-downloader/src/github.com/Liru/tumblr-downloader
01org/ciao;3833b1fed7c8eba0f2fdf5ed7f5858c26c4a6500;/home/mikael/Desktop/BenchmarkProjects/01org/ciao/src/github.com/01org/ciao
gocql/gocql;bb83efe9b64d7f00806f758a14a3ea438c64ff62;/home/mikael/Desktop/BenchmarkProjects/gocql/gocql/src/github.com/gocql/gocql
centrifugal/centrifugo;889b943fdd537b0075d40eda3a82d38193aa6c91;/home/mikael/Desktop/BenchmarkProjects/centrifugal/centrifugo/src/github.com/centrifugal/centrifugo
donutloop/mux;a91b4fd3593ca167b58a39783903a0be7a210750;/home/mikael/Desktop/BenchmarkProjects/donutloop/mux/src/github.com/donutloop/mux
lib/pq;8837942c3e09574accbc5f150e2c5e057189cace;/home/mikael/Desktop/BenchmarkProjects/lib/pq/src/github.com/lib/pq
lionkov/ninep;3bca0642e7d52e258a2402710873c31a5e15424a;/home/mikael/Desktop/BenchmarkProjects/lionkov/ninep/src/github.com/lionkov/ninep
goframework/gf;bb3bbde812bb4db649483624bd9a9508136c5ba4;/home/mikael/Desktop/BenchmarkProjects/goframework/gf/src/github.com/goframework/gf
elodina/go-avro;0c8185d9a3ba82aeac98db3313a268a5b6df99b5;/home/mikael/Desktop/BenchmarkProjects/elodina/go-avro/src/github.com/elodina/go-avro
coreos/mantle;2266b267febcd49bd6ec6a54c21ae12b5b8f613b;/home/mikael/Desktop/BenchmarkProjects/coreos/mantle/src/github.com/coreos/mantle
getlantern/zenodb;dde0dea64ee088d6107a4ec6dfd6de6c2ad38faf;/home/mikael/Desktop/BenchmarkProjects/getlantern/zenodb/src/github.com/getlantern/zenodb
dchest/captcha;6a29415a8364ec2971fdc62d9e415ed53fc20410;/home/mikael/Desktop/BenchmarkProjects/dchest/captcha/src/github.com/dchest/captcha
smartystreets/go-disruptor;1d1ef7a0321ccbe402c145b20ec0ad7546ba8f0e;/home/mikael/Desktop/BenchmarkProjects/smartystreets/go-disruptor/src/github.com/smartystreets/go-disruptor
roblillack/mars;ed9edb53aada9b758367740e36711aded8f11590;/home/mikael/Desktop/BenchmarkProjects/roblillack/mars/src/github.com/roblillack/mars
tsuru/planb;04787d0e24fcd6d6b05e810378e7d31fabacc09e;/home/mikael/Desktop/BenchmarkProjects/tsuru/planb/src/github.com/tsuru/planb
tsurai/jantar;aefdbbffc86dea101cd5c2451558e22200fbe1ab;/home/mikael/Desktop/BenchmarkProjects/tsurai/jantar/src/github.com/tsurai/jantar
shadowsocks/shadowsocks-go;5c6f652e323ffe46b8b417408cd519fc15a11e70;/home/mikael/Desktop/BenchmarkProjects/shadowsocks/shadowsocks-go/src/github.com/shadowsocks/shadowsocks-go
glenn-brown/skiplist;b6428f513193ed1c98b23e58aa617683eb0ff07c;/home/mikael/Desktop/BenchmarkProjects/glenn-brown/skiplist/src/github.com/glenn-brown/skiplist
omniscale/imposm3;7913d4873fd129dbb22933d55c43bf0d3e459c3e;/home/mikael/Desktop/BenchmarkProjects/omniscale/imposm3/src/github.com/omniscale/imposm3
cznic/mathutil;6baf61e0317058e3207936f50e310bd500fbbdb0;/home/mikael/Desktop/BenchmarkProjects/cznic/mathutil/src/github.com/cznic/mathutil
peterbourgon/diskv;5dfcb07a075adbaaa4094cddfd160b1e1c77a043;/home/mikael/Desktop/BenchmarkProjects/peterbourgon/diskv/src/github.com/peterbourgon/diskv
mndrix/golog;a28e2a2697753085320289e97116113b30b654db;/home/mikael/Desktop/BenchmarkProjects/mndrix/golog/src/github.com/mndrix/golog
klauspost/compress;f3dce52e0576655d55fd69e74b63da96ad1108f3;/home/mikael/Desktop/BenchmarkProjects/klauspost/compress/src/github.com/klauspost/compress
containerd/containerd;8e1a04ff9ee302ae3b37013c42e8486465372cd9;/home/mikael/Desktop/BenchmarkProjects/containerd/containerd/src/github.com/containerd/containerd
stratumn/sdk;19f0322e1dc9108de350e35ca4d18c9b014a34a8;/home/mikael/Desktop/BenchmarkProjects/stratumn/sdk/src/github.com/stratumn/sdk
bread-editor/bread;b2d2da79441678e1d61feab9a803636b0202c041;/home/mikael/Desktop/BenchmarkProjects/bread-editor/bread/src/github.com/bread-editor/bread
nicksnyder/go-i18n;3e70a1a463008cea6726380c908b1a6a8bdf7b24;/home/mikael/Desktop/BenchmarkProjects/nicksnyder/go-i18n/src/github.com/nicksnyder/go-i18n
rs/cors;8dd4211afb5d08dbb39a533b9bb9e4b486351df6;/home/mikael/Desktop/BenchmarkProjects/rs/cors/src/github.com/rs/cors
reflexionhealth/vanilla;b653cca1019e5f6d62629376fc18600305920e8c;/home/mikael/Desktop/BenchmarkProjects/reflexionhealth/vanilla/src/github.com/reflexionhealth/vanilla
cznic/kv;892ccf731fb7aa5e9aa300eb24456d1519afcfc7;/home/mikael/Desktop/BenchmarkProjects/cznic/kv/src/github.com/cznic/kv
orcaman/concurrent-map;2ae17bc4c860c83513ee50feb9746f3e50d7515d;/home/mikael/Desktop/BenchmarkProjects/orcaman/concurrent-map/src/github.com/orcaman/concurrent-map
Knetic/govaluate;91facc4ae520fef82c9aee6b6ae720d9ae789131;/home/mikael/Desktop/BenchmarkProjects/Knetic/govaluate/src/github.com/Knetic/govaluate
aclements/go-misc;65b3bde2d4da0e9d602d92db1514eb40bccb1dfe;/home/mikael/Desktop/BenchmarkProjects/aclements/go-misc/src/github.com/aclements/go-misc
tsuru/bs;3b0b404289c1f000233ec66cace22353539ce8b9;/home/mikael/Desktop/BenchmarkProjects/tsuru/bs/src/github.com/tsuru/bs
uber-common/cpustat;79c1ebd00ceaea633e818915edc51fc11cbcb67a;/home/mikael/Desktop/BenchmarkProjects/uber-common/cpustat/src/github.com/uber-common/cpustat
lightstep/lightstep-tracer-go;7a9b172199f2df79def78707aaba049a191e74f2;/home/mikael/Desktop/BenchmarkProjects/lightstep/lightstep-tracer-go/src/github.com/lightstep/lightstep-tracer-go
rivine/rivine;6a2e038feee79c2f198c68370bf1e9447adcef29;/home/mikael/Desktop/BenchmarkProjects/rivine/rivine/src/github.com/rivine/rivine
couchbase/go-slab;1f5f7f282713ccfab3f46b1610cb8da34bcf676f;/home/mikael/Desktop/BenchmarkProjects/couchbase/go-slab/src/github.com/couchbase/go-slab
garyburd/redigo;57f1cd7de6175c96b423e7ac2534ff2b39e2ef79;/home/mikael/Desktop/BenchmarkProjects/garyburd/redigo/src/github.com/garyburd/redigo
asteris-llc/converge;b8f29e29b814082f2f40be0d9e911a0c0a3f9e90;/home/mikael/Desktop/BenchmarkProjects/asteris-llc/converge/src/github.com/asteris-llc/converge
Workiva/go-datastructures;01ff43b05e5593e6e41f5988797126402611e2d7;/home/mikael/Desktop/BenchmarkProjects/Workiva/go-datastructures/src/github.com/Workiva/go-datastructures
ardielle/ardielle-go;780d858788e72a55335f778b08f4baceac59a8de;/home/mikael/Desktop/BenchmarkProjects/ardielle/ardielle-go/src/github.com/ardielle/ardielle-go
nekolunar/http2;dfd1b467d5e9fed072d352c63b2fb96f30c36006;/home/mikael/Desktop/BenchmarkProjects/nekolunar/http2/src/github.com/nekolunar/http2
m3db/m3x;f3fdee26896eff88aea63d585eceb6ac417f4530;/home/mikael/Desktop/BenchmarkProjects/m3db/m3x/src/github.com/m3db/m3x
brianvoe/gofakeit;3c25a0160f665addedf86de0d861bc63edf44d13;/home/mikael/Desktop/BenchmarkProjects/brianvoe/gofakeit/src/github.com/brianvoe/gofakeit
anthonynsimon/bild;7f2c395b16042d36ab187448a70b9de9ccb5854d;/home/mikael/Desktop/BenchmarkProjects/anthonynsimon/bild/src/github.com/anthonynsimon/bild
qjpcpu/sesh;8ac39c084133c98d375a45840aac363051247bfa;/home/mikael/Desktop/BenchmarkProjects/qjpcpu/sesh/src/github.com/qjpcpu/sesh
rackspace/rack;2f85325e748ddf949e14e7cfca2bde462b31ba23;/home/mikael/Desktop/BenchmarkProjects/rackspace/rack/src/github.com/rackspace/rack
btcsuite/btcwallet;4222c0464ad2e5c28c073608a144ea925c9f7e2d;/home/mikael/Desktop/BenchmarkProjects/btcsuite/btcwallet/src/github.com/btcsuite/btcwallet
mvdan/xurls;7c6b429873f09f77d62124294d43bb6dd17be941;/home/mikael/Desktop/BenchmarkProjects/mvdan/xurls/src/github.com/mvdan/xurls
OneOfOne/xxhash;9f129ced0523605cdde14a954ae4609e366a7998;/home/mikael/Desktop/BenchmarkProjects/OneOfOne/xxhash/src/github.com/OneOfOne/xxhash
Comcast/eel;95e0f21e44f7b7f57a6b135ba0d5e479280a029a;/home/mikael/Desktop/BenchmarkProjects/Comcast/eel/src/github.com/Comcast/eel
eaburns/T;0a7b6dc5d73442a3f81b9f9acd7aacef1aad55fb;/home/mikael/Desktop/BenchmarkProjects/eaburns/T/src/github.com/eaburns/T
lunixbochs/struc;ae5aa8161e35c822b55526833b1635764b740770;/home/mikael/Desktop/BenchmarkProjects/lunixbochs/struc/src/github.com/lunixbochs/struc
appc/spec;846ceefb94c79945a09d5a0d244af15647523026;/home/mikael/Desktop/BenchmarkProjects/appc/spec/src/github.com/appc/spec
cosn/collections;4def9c823fc106d9dde9ef3c266263fde42b11f0;/home/mikael/Desktop/BenchmarkProjects/cosn/collections/src/github.com/cosn/collections
avct/uasurfer;58547b533a5426ab563215f47cd1dbcb4300beb7;/home/mikael/Desktop/BenchmarkProjects/avct/uasurfer/src/github.com/avct/uasurfer
docker/libchan;0328dcec840a0659448faf08af087135fffb7fde;/home/mikael/Desktop/BenchmarkProjects/docker/libchan/src/github.com/docker/libchan
gin-gonic/gin;735748b359cee5e7f7597128580f6f94bbc0987f;/home/mikael/Desktop/BenchmarkProjects/gin-gonic/gin/src/github.com/gin-gonic/gin
derekparker/delve;293c5087577a4c14562996ce00dffdeb6aee6751;/home/mikael/Desktop/BenchmarkProjects/derekparker/delve/src/github.com/derekparker/delve
go-redis/redis;564772f045d89bd55843d7dc8042e0a599401e09;/home/mikael/Desktop/BenchmarkProjects/go-redis/redis/src/github.com/go-redis/redis
goburrow/cache;62c5a52241c3f8b64b8bafa56aec7b016b34f677;/home/mikael/Desktop/BenchmarkProjects/goburrow/cache/src/github.com/goburrow/cache
go-sql-driver/mysql;bf7f34fef176d890dfcc6e94319ac747291bc09a;/home/mikael/Desktop/BenchmarkProjects/go-sql-driver/mysql/src/github.com/go-sql-driver/mysql
cgrates/cgrates;b6857bf9bd68fdc6b4fa43bd07e6aed68d962702;/home/mikael/Desktop/BenchmarkProjects/cgrates/cgrates/src/github.com/cgrates/cgrates
goburrow/modbus;9ffe737f567a07534d91277866779e28145440e0;/home/mikael/Desktop/BenchmarkProjects/goburrow/modbus/src/github.com/goburrow/modbus
uber-go/zap;acea9071443b209a0df36bbd68adf06708fe9f82;/home/mikael/Desktop/BenchmarkProjects/uber-go/zap/src/github.com/uber-go/zap
kostya-sh/parquet-go;38c39cafbc387ae0dacc15b1a4c4168dbbf5558e;/home/mikael/Desktop/BenchmarkProjects/kostya-sh/parquet-go/src/github.com/kostya-sh/parquet-go
vladimirvivien/automi;9f6f1d8c08722411d6fd0b0617bba1afac12c99d;/home/mikael/Desktop/BenchmarkProjects/vladimirvivien/automi/src/github.com/vladimirvivien/automi
patrickmn/go-cache;7ac151875ffb48b9f3ccce9ea20f020b0c1596c8;/home/mikael/Desktop/BenchmarkProjects/patrickmn/go-cache/src/github.com/patrickmn/go-cache
spf13/cobra;8c6fa02d2225de0f9bdcb7ca912556f68d172d8c;/home/mikael/Desktop/BenchmarkProjects/spf13/cobra/src/github.com/spf13/cobra
biogo/hts;e3102fbbf97b72e5f9fe4f2a6ccfc95785b59150;/home/mikael/Desktop/BenchmarkProjects/biogo/hts/src/github.com/biogo/hts
go-playground/locales;1e5f1161c6416a5ff48840eb8724a394e48cc534;/home/mikael/Desktop/BenchmarkProjects/go-playground/locales/src/github.com/go-playground/locales
PuerkitoBio/goquery;8806ada2a4ab225c06e9106f9631be80932db7ce;/home/mikael/Desktop/BenchmarkProjects/PuerkitoBio/goquery/src/github.com/PuerkitoBio/goquery
apigee-labs/transicator;442ef78984c0372bf6a2c6a1604421471be1f185;/home/mikael/Desktop/BenchmarkProjects/apigee-labs/transicator/src/github.com/apigee-labs/transicator
pteichman/fate;23e5ef650dec9a4847418c30ff6c44ccfd06ac95;/home/mikael/Desktop/BenchmarkProjects/pteichman/fate/src/github.com/pteichman/fate
coredns/coredns;df137d971c884ae70438f410282ba43dfc4ba38a;/home/mikael/Desktop/BenchmarkProjects/coredns/coredns/src/github.com/coredns/coredns
valyala/fasthttp;498431ce67adb2a2154fb1aad7a35736964c2878;/home/mikael/Desktop/BenchmarkProjects/valyala/fasthttp/src/github.com/valyala/fasthttp
docker/distribution;f86db6b22663a27ba4d278220b7e34be528b1e79;/home/mikael/Desktop/BenchmarkProjects/docker/distribution/src/github.com/docker/distribution
sjwhitworth/golearn;51d7b7d26237915beca07b3872c0e0343e9cde19;/home/mikael/Desktop/BenchmarkProjects/sjwhitworth/golearn/src/github.com/sjwhitworth/golearn
vattle/sqlboiler;0b027fa01c78dcc2036564fb7dabbd1229509821;/home/mikael/Desktop/BenchmarkProjects/vattle/sqlboiler/src/github.com/vattle/sqlboiler
coreos/coretest;4f6535a6e6a5de42b3702fa6182808a267eaf4ae;/home/mikael/Desktop/BenchmarkProjects/coreos/coretest/src/github.com/coreos/coretest
